city,xgb_mae,xgb_rmse
London,2.497663041438375,3.1767864443651304
