city,xgb_mae,xgb_rmse
London,2.455239756846092,3.1758498715373173
