Model,City,MAE,RMSE,R2,MAPE
ARIMA,London,0.059337281612489065,0.0761102896997734,-0.040967293801009275,39.99779501073798
